strain,L,R,C,snp_id,gene,tissue
BXD1,0.0,2.3755,66.7,rs6259742,Ccl9,Liver
BXD11,0.0,2.21,0.0,rs6259742,Ccl9,Liver
BXD12,1.0,3.0195,28.6,rs6259742,Ccl9,Liver
BXD13,0.0,2.318,100.0,rs6259742,Ccl9,Liver
BXD14,1.0,2.4075,100.0,rs6259742,Ccl9,Liver
BXD15,1.0,2.938,66.7,rs6259742,Ccl9,Liver
BXD16,1.0,2.7985,33.3,rs6259742,Ccl9,Liver
BXD19,1.0,2.8985000000000003,100.0,rs6259742,Ccl9,Liver
BXD2,1.0,2.8055,0.0,rs6259742,Ccl9,Liver
BXD21,1.0,2.7005,100.0,rs6259742,Ccl9,Liver
BXD23,0.0,3.0845,66.7,rs6259742,Ccl9,Liver
BXD28,0.0,1.991,100.0,rs6259742,Ccl9,Liver
BXD29,1.0,2.826,0.0,rs6259742,Ccl9,Liver
BXD31,0.0,2.2775,0.0,rs6259742,Ccl9,Liver
BXD32,1.0,3.101,100.0,rs6259742,Ccl9,Liver
BXD33,0.0,2.116,100.0,rs6259742,Ccl9,Liver
BXD34,1.0,2.922,100.0,rs6259742,Ccl9,Liver
BXD36,0.0,2.598,100.0,rs6259742,Ccl9,Liver
BXD38,0.0,2.3235,62.5,rs6259742,Ccl9,Liver
BXD39,0.0,2.327,0.0,rs6259742,Ccl9,Liver
BXD40,0.0,2.5705,75.0,rs6259742,Ccl9,Liver
BXD42,0.0,2.428,100.0,rs6259742,Ccl9,Liver
BXD43,0.0,2.0,0.0,rs6259742,Ccl9,Liver
BXD44,0.0,2.4235,83.3,rs6259742,Ccl9,Liver
BXD45,0.0,2.4595,50.0,rs6259742,Ccl9,Liver
BXD48,0.0,2.244,28.6,rs6259742,Ccl9,Liver
BXD5,1.0,2.8745,100.0,rs6259742,Ccl9,Liver
BXD51,1.0,2.4495,50.0,rs6259742,Ccl9,Liver
BXD6,0.0,2.2545,50.0,rs6259742,Ccl9,Liver
BXD60,1.0,2.8855,22.2,rs6259742,Ccl9,Liver
BXD62,0.0,2.3995,66.7,rs6259742,Ccl9,Liver
BXD69,1.0,3.069,83.3,rs6259742,Ccl9,Liver
BXD73,0.0,2.7715,90.0,rs6259742,Ccl9,Liver
BXD77,1.0,2.793,88.9,rs6259742,Ccl9,Liver
BXD8,0.0,2.109,0.0,rs6259742,Ccl9,Liver
BXD85,0.0,2.2190000000000003,0.0,rs6259742,Ccl9,Liver
BXD86,1.0,2.9105,85.7,rs6259742,Ccl9,Liver
BXD9,1.0,2.691,100.0,rs6259742,Ccl9,Liver
BXD92,1.0,2.9690000000000003,100.0,rs6259742,Ccl9,Liver
