strain,L,R,C,snp_id,gene,tissue
BXD1,1.0,1.6705,66.7,rs6164049,Moxd1,Liver
BXD11,0.0,-0.507,0.0,rs6164049,Moxd1,Liver
BXD12,1.0,0.128,28.6,rs6164049,Moxd1,Liver
BXD13,1.0,1.8685,100.0,rs6164049,Moxd1,Liver
BXD14,1.0,-0.4205,100.0,rs6164049,Moxd1,Liver
BXD15,0.0,-0.1664999999999999,66.7,rs6164049,Moxd1,Liver
BXD16,0.0,-0.4405,33.3,rs6164049,Moxd1,Liver
BXD19,0.0,-0.307,100.0,rs6164049,Moxd1,Liver
BXD2,0.0,0.432,0.0,rs6164049,Moxd1,Liver
BXD21,1.0,-0.255,100.0,rs6164049,Moxd1,Liver
BXD23,0.0,0.246,66.7,rs6164049,Moxd1,Liver
BXD28,0.0,-0.3865,100.0,rs6164049,Moxd1,Liver
BXD29,0.0,-0.3865,0.0,rs6164049,Moxd1,Liver
BXD31,1.0,0.014,0.0,rs6164049,Moxd1,Liver
BXD32,1.0,2.2950000000000004,100.0,rs6164049,Moxd1,Liver
BXD33,1.0,-0.362,100.0,rs6164049,Moxd1,Liver
BXD34,0.0,-0.1735,100.0,rs6164049,Moxd1,Liver
BXD36,0.0,-0.3895,100.0,rs6164049,Moxd1,Liver
BXD38,0.0,-0.0389999999999999,62.5,rs6164049,Moxd1,Liver
BXD39,0.0,-0.2955,0.0,rs6164049,Moxd1,Liver
BXD40,1.0,-0.0089999999999999,75.0,rs6164049,Moxd1,Liver
BXD42,1.0,2.099,100.0,rs6164049,Moxd1,Liver
BXD43,0.0,-0.3855,0.0,rs6164049,Moxd1,Liver
BXD44,1.0,-0.259,83.3,rs6164049,Moxd1,Liver
BXD45,0.0,-0.3955,50.0,rs6164049,Moxd1,Liver
BXD48,0.0,-0.4675,28.6,rs6164049,Moxd1,Liver
BXD5,1.0,-0.286,100.0,rs6164049,Moxd1,Liver
BXD51,0.0,-0.329,50.0,rs6164049,Moxd1,Liver
BXD6,0.0,-0.1364999999999999,50.0,rs6164049,Moxd1,Liver
BXD60,1.0,0.8105,22.2,rs6164049,Moxd1,Liver
BXD62,0.0,-0.5365,66.7,rs6164049,Moxd1,Liver
BXD69,0.0,-0.6094999999999999,83.3,rs6164049,Moxd1,Liver
BXD73,0.0,-0.518,90.0,rs6164049,Moxd1,Liver
BXD77,1.0,0.7655000000000001,88.9,rs6164049,Moxd1,Liver
BXD8,1.0,1.531,0.0,rs6164049,Moxd1,Liver
BXD85,0.0,-0.234,0.0,rs6164049,Moxd1,Liver
BXD86,1.0,-0.4539999999999999,85.7,rs6164049,Moxd1,Liver
BXD9,1.0,-0.1955,100.0,rs6164049,Moxd1,Liver
BXD92,0.0,-0.155,100.0,rs6164049,Moxd1,Liver
