strain,L,R,C,snp_id,gene,tissue
BXD1,1.0,2.213,66.7,rs13478017,Aldh4a1,Liver
BXD11,0.0,1.284,0.0,rs13478017,Aldh4a1,Liver
BXD12,1.0,2.193,28.6,rs13478017,Aldh4a1,Liver
BXD13,1.0,2.577,100.0,rs13478017,Aldh4a1,Liver
BXD14,1.0,1.8515,100.0,rs13478017,Aldh4a1,Liver
BXD15,1.0,2.5365,66.7,rs13478017,Aldh4a1,Liver
BXD16,1.0,2.1925,33.3,rs13478017,Aldh4a1,Liver
BXD19,0.0,1.2045,100.0,rs13478017,Aldh4a1,Liver
BXD2,0.0,0.8275,0.0,rs13478017,Aldh4a1,Liver
BXD21,1.0,2.345,100.0,rs13478017,Aldh4a1,Liver
BXD23,1.0,2.059,66.7,rs13478017,Aldh4a1,Liver
BXD28,1.0,2.2105,100.0,rs13478017,Aldh4a1,Liver
BXD29,0.0,1.335,0.0,rs13478017,Aldh4a1,Liver
BXD31,0.0,1.326,0.0,rs13478017,Aldh4a1,Liver
BXD32,1.0,2.273,100.0,rs13478017,Aldh4a1,Liver
BXD33,1.0,2.35,100.0,rs13478017,Aldh4a1,Liver
BXD34,1.0,2.6995,100.0,rs13478017,Aldh4a1,Liver
BXD36,1.0,2.1495,100.0,rs13478017,Aldh4a1,Liver
BXD38,1.0,2.2575000000000003,62.5,rs13478017,Aldh4a1,Liver
BXD39,0.0,1.083,0.0,rs13478017,Aldh4a1,Liver
BXD40,0.0,1.3815,75.0,rs13478017,Aldh4a1,Liver
BXD42,0.0,1.272,100.0,rs13478017,Aldh4a1,Liver
BXD43,0.0,1.4465,0.0,rs13478017,Aldh4a1,Liver
BXD44,0.0,1.2675,83.3,rs13478017,Aldh4a1,Liver
BXD45,1.0,2.1235,50.0,rs13478017,Aldh4a1,Liver
BXD48,0.0,0.8865000000000001,28.6,rs13478017,Aldh4a1,Liver
BXD5,0.0,1.4655,100.0,rs13478017,Aldh4a1,Liver
BXD51,0.0,1.1905,50.0,rs13478017,Aldh4a1,Liver
BXD6,0.0,1.3290000000000002,50.0,rs13478017,Aldh4a1,Liver
BXD60,0.0,1.117,22.2,rs13478017,Aldh4a1,Liver
BXD62,0.0,1.473,66.7,rs13478017,Aldh4a1,Liver
BXD69,1.0,2.2585,83.3,rs13478017,Aldh4a1,Liver
BXD73,0.0,1.34,90.0,rs13478017,Aldh4a1,Liver
BXD77,0.0,1.147,88.9,rs13478017,Aldh4a1,Liver
BXD8,1.0,2.225,0.0,rs13478017,Aldh4a1,Liver
BXD85,1.0,2.316,0.0,rs13478017,Aldh4a1,Liver
BXD86,0.0,1.0535,85.7,rs13478017,Aldh4a1,Liver
BXD9,0.0,1.3995,100.0,rs13478017,Aldh4a1,Liver
BXD92,0.0,1.414,100.0,rs13478017,Aldh4a1,Liver
