strain,L,R,C,snp_id,gene,tissue
BXD1,1.0,2.1325000000000003,66.7,rs3685813,Lsm12,Liver
BXD11,0.0,1.108,0.0,rs3685813,Lsm12,Liver
BXD12,0.0,1.0675,28.6,rs3685813,Lsm12,Liver
BXD13,0.0,1.258,100.0,rs3685813,Lsm12,Liver
BXD14,1.0,1.3855,100.0,rs3685813,Lsm12,Liver
BXD15,1.0,1.942,66.7,rs3685813,Lsm12,Liver
BXD16,0.0,0.67,33.3,rs3685813,Lsm12,Liver
BXD19,1.0,2.0585,100.0,rs3685813,Lsm12,Liver
BXD2,1.0,2.3755,0.0,rs3685813,Lsm12,Liver
BXD21,1.0,2.404,100.0,rs3685813,Lsm12,Liver
BXD23,0.0,2.1,66.7,rs3685813,Lsm12,Liver
BXD28,0.0,0.966,100.0,rs3685813,Lsm12,Liver
BXD29,0.0,0.9465,0.0,rs3685813,Lsm12,Liver
BXD31,0.0,1.119,0.0,rs3685813,Lsm12,Liver
BXD32,1.0,2.1975,100.0,rs3685813,Lsm12,Liver
BXD33,0.0,0.9875,100.0,rs3685813,Lsm12,Liver
BXD34,1.0,2.5925,100.0,rs3685813,Lsm12,Liver
BXD36,0.0,2.189,100.0,rs3685813,Lsm12,Liver
BXD38,0.0,1.1515,62.5,rs3685813,Lsm12,Liver
BXD39,0.0,0.7795,0.0,rs3685813,Lsm12,Liver
BXD40,0.0,1.3575,75.0,rs3685813,Lsm12,Liver
BXD42,1.0,1.9090000000000005,100.0,rs3685813,Lsm12,Liver
BXD43,0.0,1.308,0.0,rs3685813,Lsm12,Liver
BXD44,0.0,1.5045,83.3,rs3685813,Lsm12,Liver
BXD45,0.0,0.9255,50.0,rs3685813,Lsm12,Liver
BXD48,0.0,0.949,28.6,rs3685813,Lsm12,Liver
BXD5,1.0,1.8085,100.0,rs3685813,Lsm12,Liver
BXD51,1.0,2.1325,50.0,rs3685813,Lsm12,Liver
BXD6,1.0,1.661,50.0,rs3685813,Lsm12,Liver
BXD60,1.0,2.0780000000000003,22.2,rs3685813,Lsm12,Liver
BXD62,1.0,2.5045,66.7,rs3685813,Lsm12,Liver
BXD69,1.0,2.3385,83.3,rs3685813,Lsm12,Liver
BXD73,1.0,1.928,90.0,rs3685813,Lsm12,Liver
BXD77,1.0,2.18,88.9,rs3685813,Lsm12,Liver
BXD8,1.0,2.351,0.0,rs3685813,Lsm12,Liver
BXD85,0.0,0.9165,0.0,rs3685813,Lsm12,Liver
BXD86,1.0,1.946,85.7,rs3685813,Lsm12,Liver
BXD9,1.0,2.434,100.0,rs3685813,Lsm12,Liver
BXD92,1.0,2.2025,100.0,rs3685813,Lsm12,Liver
