strain,L,R,C,snp_id,gene,tissue
BXD1,0.0,1.8065,66.7,rs3143810,Slc1a2,Liver
BXD11,1.0,1.179,0.0,rs3143810,Slc1a2,Liver
BXD12,0.0,2.5205,28.6,rs3143810,Slc1a2,Liver
BXD13,1.0,1.6055,100.0,rs3143810,Slc1a2,Liver
BXD14,1.0,1.2765,100.0,rs3143810,Slc1a2,Liver
BXD15,0.0,2.1405000000000003,66.7,rs3143810,Slc1a2,Liver
BXD16,1.0,1.439,33.3,rs3143810,Slc1a2,Liver
BXD19,1.0,1.0750000000000002,100.0,rs3143810,Slc1a2,Liver
BXD2,1.0,1.282,0.0,rs3143810,Slc1a2,Liver
BXD21,1.0,1.2155,100.0,rs3143810,Slc1a2,Liver
BXD23,1.0,1.6175,66.7,rs3143810,Slc1a2,Liver
BXD28,1.0,1.7135,100.0,rs3143810,Slc1a2,Liver
BXD29,1.0,1.2045,0.0,rs3143810,Slc1a2,Liver
BXD31,0.0,2.33,0.0,rs3143810,Slc1a2,Liver
BXD32,1.0,1.6949999999999998,100.0,rs3143810,Slc1a2,Liver
BXD33,0.0,2.7645,100.0,rs3143810,Slc1a2,Liver
BXD34,0.0,2.064,100.0,rs3143810,Slc1a2,Liver
BXD36,1.0,1.737,100.0,rs3143810,Slc1a2,Liver
BXD38,1.0,1.0779999999999998,62.5,rs3143810,Slc1a2,Liver
BXD39,0.0,1.707,0.0,rs3143810,Slc1a2,Liver
BXD40,1.0,1.3845,75.0,rs3143810,Slc1a2,Liver
BXD42,1.0,1.29,100.0,rs3143810,Slc1a2,Liver
BXD43,0.0,1.8245,0.0,rs3143810,Slc1a2,Liver
BXD44,0.0,2.2355,83.3,rs3143810,Slc1a2,Liver
BXD45,0.0,2.2935,50.0,rs3143810,Slc1a2,Liver
BXD48,0.0,1.943,28.6,rs3143810,Slc1a2,Liver
BXD5,1.0,1.6775000000000002,100.0,rs3143810,Slc1a2,Liver
BXD51,0.0,0.9735,50.0,rs3143810,Slc1a2,Liver
BXD6,0.0,1.4545,50.0,rs3143810,Slc1a2,Liver
BXD60,0.0,1.6405,22.2,rs3143810,Slc1a2,Liver
BXD62,0.0,1.9525,66.7,rs3143810,Slc1a2,Liver
BXD69,0.0,1.923,83.3,rs3143810,Slc1a2,Liver
BXD73,1.0,1.651,90.0,rs3143810,Slc1a2,Liver
BXD77,0.0,2.083,88.9,rs3143810,Slc1a2,Liver
BXD8,1.0,0.8755000000000001,0.0,rs3143810,Slc1a2,Liver
BXD85,0.0,2.0595,0.0,rs3143810,Slc1a2,Liver
BXD86,0.0,2.5475,85.7,rs3143810,Slc1a2,Liver
BXD9,0.0,2.5435,100.0,rs3143810,Slc1a2,Liver
BXD92,0.0,2.0255,100.0,rs3143810,Slc1a2,Liver
