snp_id,gene,tissue,cis_trans,eqtl_chr,eqtl_pos,qtl_chr,qtl_pos,same_chr,distance_bp,minus_log10_p,cis_flag
rs3685813,Lsm12,Liver,cis,11.0,102120713.0,11,102655780,True,535067.0,3.306425481232943,True
rs13476379,Gm13375,Hypothalamus,cis,2.0,19938934.0,2,22676436,True,2737502.0,2.4956691023041504,True
rs6176494,Snord53,Hypothalamus,cis,17.0,70599746.0,17,71101565,True,501819.0,2.4180461689411814,True
rs6259742,Ccl9,Liver,cis,11.0,82070986.0,11,82421437,True,350451.0,1.9291415323647965,True
rs6164049,Moxd1,Liver,cis,2.0,24827273.0,2,25395302,True,568029.0,1.8014524250992048,True
rs3143810,Slc1a2,Liver,cis,2.0,102941479.0,2,103124491,True,183012.0,1.6601441320218049,True
rs3723643,B2m,Hypothalamus,cis,2.0,121412769.0,2,122144319,True,731550.0,1.4966987379088446,True
UT_12_23.29234,Adi1,Hypothalamus,cis,12.0,29344231.0,12,29552027,True,207796.0,1.4613327205481532,True
rs13478017,Aldh4a1,Liver,cis,4.0,139112380.0,4,139225623,True,113243.0,1.1595149476096818,True
rs13459157,2010003K11Rik,Liver,cis,19.0,3413095.0,19,3717263,True,304168.0,0.9669339775868614,True
